{"cameraMode":{"drawMode":0,"name":"Shaded","section":"Shading Mode"},"sceneLighting":false,"audioPlay":false,"sceneViewState":{"showFog":true,"showMaterialUpdate":false,"showSkybox":false,"showFlares":true,"showImageEffects":true,"showParticleSystems":true},"in2DMode":false,"pivot":{"x":-2.725797653198242,"y":4.1270294189453129,"z":-19.235780715942384},"rotation":{"x":-0.05273302644491196,"y":-0.9564452171325684,"z":0.15709233283996583,"w":-0.24330130219459535},"size":5.7783684730529789,"orthographic":false}