{"cameraMode":{"drawMode":0,"name":"Shaded","section":"Shading Mode"},"sceneLighting":false,"audioPlay":false,"sceneViewState":{"showFog":true,"showMaterialUpdate":false,"showSkybox":false,"showFlares":true,"showImageEffects":true,"showParticleSystems":true},"in2DMode":false,"pivot":{"x":0.0000037682220863644035,"y":0.000014741661289008334,"z":-0.000012181111742393114},"rotation":{"x":-0.10187184810638428,"y":-0.8393148183822632,"z":0.1414094716310501,"w":-0.5163812637329102},"size":0.00005715767838410102,"orthographic":false}