{"cameraMode":{"drawMode":0,"name":"Shaded","section":"Shading Mode"},"sceneLighting":false,"audioPlay":false,"sceneViewState":{"showFog":true,"showMaterialUpdate":false,"showSkybox":false,"showFlares":true,"showImageEffects":true,"showParticleSystems":true},"in2DMode":false,"pivot":{"x":3.9949951171875,"y":-11.922138214111329,"z":-60.425209045410159},"rotation":{"x":-0.2028317004442215,"y":-0.7530799508094788,"z":0.24300062656402589,"w":-0.5780603289604187},"size":105.06611633300781,"orthographic":false}