{"cameraMode":{"drawMode":0,"name":"Shaded","section":"Shading Mode"},"sceneLighting":false,"audioPlay":false,"sceneViewState":{"showFog":true,"showMaterialUpdate":false,"showSkybox":false,"showFlares":true,"showImageEffects":true,"showParticleSystems":true},"in2DMode":false,"pivot":{"x":-1.0553865432739258,"y":-2.5239272117614748,"z":-1.5805590152740479},"rotation":{"x":-0.09729893505573273,"y":-0.9147846102714539,"z":0.2590349316596985,"w":-0.2967240810394287},"size":24.48957633972168,"orthographic":false}