{"cameraMode":{"drawMode":0,"name":"Shaded","section":"Shading Mode"},"sceneLighting":true,"audioPlay":false,"sceneViewState":{"showFog":true,"showMaterialUpdate":false,"showSkybox":false,"showFlares":true,"showImageEffects":true,"showParticleSystems":true},"in2DMode":false,"pivot":{"x":3.4195239543914797,"y":6.253838539123535,"z":-4.332845687866211},"rotation":{"x":-0.34384027123451235,"y":0.4977249503135681,"z":-0.23959888517856599,"w":-0.7602635025978088},"size":4.041658401489258,"orthographic":false}