{"cameraMode":{"drawMode":0,"name":"Shaded","section":"Shading Mode"},"sceneLighting":true,"audioPlay":false,"sceneViewState":{"showFog":true,"showMaterialUpdate":false,"showSkybox":false,"showFlares":true,"showImageEffects":true,"showParticleSystems":true},"in2DMode":false,"pivot":{"x":1.3179060220718384,"y":-1.3120636940002442,"z":0.10063053667545319},"rotation":{"x":-0.2610675096511841,"y":-0.6508352756500244,"z":0.23421594500541688,"w":-0.6744096875190735},"size":7.362061500549316,"orthographic":false}