{"cameraMode":{"drawMode":0,"name":"Shaded","section":"Shading Mode"},"sceneLighting":true,"audioPlay":false,"sceneViewState":{"showFog":true,"showMaterialUpdate":false,"showSkybox":false,"showFlares":true,"showImageEffects":true,"showParticleSystems":true},"in2DMode":false,"pivot":{"x":64.7158432006836,"y":51.990482330322269,"z":-108.12999725341797},"rotation":{"x":-0.3362063467502594,"y":0.3331785202026367,"z":-0.1283900886774063,"w":-0.8715826272964478},"size":1.6867154836654664,"orthographic":false}