{"cameraMode":{"drawMode":0,"name":"Shaded","section":"Shading Mode"},"sceneLighting":false,"audioPlay":false,"sceneViewState":{"showFog":true,"showMaterialUpdate":false,"showSkybox":false,"showFlares":true,"showImageEffects":true,"showParticleSystems":true},"in2DMode":false,"pivot":{"x":-19.200014114379884,"y":-1.4110373258590699,"z":-38.80875778198242},"rotation":{"x":-0.019422726705670358,"y":0.9267776608467102,"z":-0.06266407668590546,"w":-0.37111717462539675},"size":38.42185592651367,"orthographic":false}